date,country,num_articles
2018-01-01,Brazil,231
2018-01-02,India,109
2018-01-03,India,183
2018-01-04,Germany,165
2018-01-05,USA,63
2018-01-06,Australia,66
2018-01-07,Canada,171
2018-01-08,USA,247
2018-01-09,Brazil,248
2018-01-10,Australia,145
2018-01-11,India,248
2018-01-12,Brazil,190
2018-01-13,China,109
2018-01-14,Germany,65
2018-01-15,Australia,66
2018-01-16,Canada,128
2018-01-17,China,212
2018-01-18,Canada,161
2018-01-19,USA,104
2018-01-20,Brazil,110
2018-01-21,India,248
2018-01-22,India,154
2018-01-23,Brazil,216
2018-01-24,UK,69
2018-01-25,France,92
2018-01-26,China,89
2018-01-27,Australia,173
2018-01-28,India,136
2018-01-29,Australia,111
2018-01-30,China,29
2018-01-31,Russia,78
2018-02-01,USA,247
2018-02-02,France,173
2018-02-03,Germany,167
2018-02-04,Russia,157
2018-02-05,Australia,166
2018-02-06,China,189
2018-02-07,USA,33
2018-02-08,UK,200
2018-02-09,Russia,44
2018-02-10,India,48
2018-02-11,USA,101
2018-02-12,China,28
2018-02-13,Australia,171
2018-02-14,China,202
2018-02-15,Australia,219
2018-02-16,Russia,41
2018-02-17,UK,132
2018-02-18,Brazil,188
2018-02-19,China,85
2018-02-20,France,75
2018-02-21,USA,185
2018-02-22,Canada,50
2018-02-23,USA,143
2018-02-24,Brazil,95
2018-02-25,Germany,27
2018-02-26,France,131
2018-02-27,Australia,193
2018-02-28,Australia,215
2018-03-01,Germany,117
2018-03-02,USA,55
2018-03-03,India,24
2018-03-04,Germany,85
2018-03-05,UK,60
2018-03-06,UK,227
2018-03-07,Germany,169
2018-03-08,Canada,158
2018-03-09,India,174
2018-03-10,Canada,53
2018-03-11,France,28
2018-03-12,Brazil,56
2018-03-13,Brazil,87
2018-03-14,Canada,160
2018-03-15,Brazil,160
2018-03-16,USA,228
2018-03-17,China,39
2018-03-18,Russia,82
2018-03-19,Brazil,45
2018-03-20,India,36
2018-03-21,Canada,131
2018-03-22,India,13
2018-03-23,China,25
2018-03-24,France,118
2018-03-25,UK,72
2018-03-26,Russia,223
2018-03-27,UK,245
2018-03-28,Canada,83
2018-03-29,Australia,33
2018-03-30,Canada,141
2018-03-31,France,19
2018-04-01,UK,206
2018-04-02,Australia,174
2018-04-03,Canada,40
2018-04-04,Canada,127
2018-04-05,Australia,131
2018-04-06,Germany,150
2018-04-07,Germany,105
2018-04-08,UK,60
2018-04-09,USA,208
2018-04-10,India,174
2018-04-11,UK,41
2018-04-12,Brazil,61
2018-04-13,Germany,167
2018-04-14,Canada,115
2018-04-15,Russia,179
2018-04-16,India,101
2018-04-17,France,186
2018-04-18,Russia,52
2018-04-19,Canada,114
2018-04-20,France,173
2018-04-21,India,196
2018-04-22,France,142
2018-04-23,Australia,119
2018-04-24,Brazil,117
2018-04-25,India,83
2018-04-26,France,115
2018-04-27,UK,155
2018-04-28,UK,189
2018-04-29,Australia,114
2018-04-30,France,161
2018-05-01,USA,53
2018-05-02,France,114
2018-05-03,UK,219
2018-05-04,UK,95
2018-05-05,Germany,74
2018-05-06,Russia,64
2018-05-07,USA,224
2018-05-08,India,34
2018-05-09,China,241
2018-05-10,USA,18
2018-05-11,France,141
2018-05-12,Germany,185
2018-05-13,Russia,148
2018-05-14,Canada,190
2018-05-15,USA,224
2018-05-16,France,216
2018-05-17,China,199
2018-05-18,USA,188
2018-05-19,China,53
2018-05-20,China,128
2018-05-21,Australia,63
2018-05-22,India,208
2018-05-23,UK,162
2018-05-24,UK,193
2018-05-25,France,87
2018-05-26,China,164
2018-05-27,UK,197
2018-05-28,Canada,190
2018-05-29,Germany,29
2018-05-30,Australia,134
2018-05-31,France,179
2018-06-01,Russia,160
2018-06-02,Australia,114
2018-06-03,India,84
2018-06-04,Canada,103
2018-06-05,Brazil,246
2018-06-06,Australia,132
2018-06-07,Australia,120
2018-06-08,UK,45
2018-06-09,India,59
2018-06-10,Russia,202
2018-06-11,Russia,181
2018-06-12,France,48
2018-06-13,India,104
2018-06-14,France,133
2018-06-15,France,54
2018-06-16,India,244
2018-06-17,Australia,75
2018-06-18,Russia,61
2018-06-19,Australia,72
2018-06-20,France,118
2018-06-21,Germany,152
2018-06-22,UK,42
2018-06-23,China,156
2018-06-24,India,48
2018-06-25,USA,242
2018-06-26,Brazil,148
2018-06-27,Brazil,20
2018-06-28,UK,117
2018-06-29,Russia,13
2018-06-30,Australia,158
2018-07-01,Brazil,206
2018-07-02,Germany,163
2018-07-03,UK,148
2018-07-04,Australia,153
2018-07-05,France,235
2018-07-06,Germany,92
2018-07-07,Australia,238
2018-07-08,India,165
2018-07-09,UK,202
2018-07-10,Australia,16
2018-07-11,UK,66
2018-07-12,China,67
2018-07-13,France,104
2018-07-14,Germany,107
2018-07-15,France,132
2018-07-16,China,61
2018-07-17,Australia,135
2018-07-18,USA,108
2018-07-19,Germany,218
2018-07-20,Canada,227
2018-07-21,Brazil,151
2018-07-22,Russia,178
2018-07-23,Australia,118
2018-07-24,Brazil,140
2018-07-25,Germany,179
2018-07-26,Canada,31
2018-07-27,France,88
2018-07-28,UK,142
2018-07-29,Australia,33
2018-07-30,Germany,25
2018-07-31,Russia,96
2018-08-01,Australia,60
2018-08-02,UK,38
2018-08-03,Russia,239
2018-08-04,France,221
2018-08-05,USA,93
2018-08-06,Australia,242
2018-08-07,USA,91
2018-08-08,USA,227
2018-08-09,Brazil,226
2018-08-10,Australia,172
2018-08-11,France,182
2018-08-12,UK,220
2018-08-13,China,146
2018-08-14,Australia,196
2018-08-15,India,53
2018-08-16,Australia,45
2018-08-17,Brazil,236
2018-08-18,UK,185
2018-08-19,USA,41
2018-08-20,Russia,54
2018-08-21,Canada,60
2018-08-22,Germany,94
2018-08-23,Australia,135
2018-08-24,India,205
2018-08-25,France,160
2018-08-26,France,92
2018-08-27,France,109
2018-08-28,France,168
2018-08-29,China,143
2018-08-30,Brazil,43
2018-08-31,UK,148
2018-09-01,USA,229
2018-09-02,Germany,88
2018-09-03,Canada,136
2018-09-04,Canada,68
2018-09-05,India,146
2018-09-06,Canada,135
2018-09-07,India,153
2018-09-08,Brazil,124
2018-09-09,UK,152
2018-09-10,Canada,181
2018-09-11,India,143
2018-09-12,China,223
2018-09-13,China,163
2018-09-14,UK,103
2018-09-15,China,188
2018-09-16,Australia,213
2018-09-17,Russia,244
2018-09-18,Brazil,238
2018-09-19,China,242
2018-09-20,France,97
2018-09-21,Australia,110
2018-09-22,India,117
2018-09-23,India,20
2018-09-24,Russia,48
2018-09-25,USA,239
2018-09-26,UK,228
2018-09-27,Australia,25
2018-09-28,Russia,79
2018-09-29,France,65
2018-09-30,Canada,40
2018-10-01,Australia,91
2018-10-02,India,201
2018-10-03,Russia,247
2018-10-04,Canada,76
2018-10-05,USA,45
2018-10-06,Russia,80
2018-10-07,France,184
2018-10-08,France,112
2018-10-09,USA,175
2018-10-10,Germany,52
2018-10-11,UK,77
2018-10-12,USA,201
2018-10-13,USA,100
2018-10-14,France,167
2018-10-15,China,77
2018-10-16,UK,81
2018-10-17,Russia,62
2018-10-18,UK,210
2018-10-19,Brazil,159
2018-10-20,China,103
2018-10-21,Canada,205
2018-10-22,France,246
2018-10-23,India,61
2018-10-24,UK,146
2018-10-25,UK,36
2018-10-26,France,124
2018-10-27,Brazil,250
2018-10-28,USA,147
2018-10-29,Brazil,105
2018-10-30,Canada,189
2018-10-31,Russia,59
2018-11-01,Russia,164
2018-11-02,Canada,143
2018-11-03,France,137
2018-11-04,Brazil,158
2018-11-05,China,46
2018-11-06,France,69
2018-11-07,China,135
2018-11-08,India,28
2018-11-09,Russia,24
2018-11-10,India,172
2018-11-11,Russia,122
2018-11-12,India,92
2018-11-13,UK,219
2018-11-14,France,171
2018-11-15,France,241
2018-11-16,Australia,46
2018-11-17,China,116
2018-11-18,Brazil,146
2018-11-19,Australia,132
2018-11-20,Germany,17
2018-11-21,Russia,214
2018-11-22,USA,31
2018-11-23,Brazil,97
2018-11-24,France,70
2018-11-25,Russia,203
2018-11-26,Russia,226
2018-11-27,China,67
2018-11-28,USA,61
2018-11-29,China,70
2018-11-30,India,88
2018-12-01,France,45
2018-12-02,UK,163
2018-12-03,USA,37
2018-12-04,China,131
2018-12-05,France,145
2018-12-06,Australia,16
2018-12-07,Brazil,131
2018-12-08,China,232
2018-12-09,USA,149
2018-12-10,Brazil,168
2018-12-11,Germany,94
2018-12-12,Germany,181
2018-12-13,France,48
2018-12-14,Australia,199
2018-12-15,UK,113
2018-12-16,China,129
2018-12-17,Germany,68
2018-12-18,Canada,131
2018-12-19,Russia,38
2018-12-20,India,107
2018-12-21,Russia,249
2018-12-22,China,187
2018-12-23,Australia,154
2018-12-24,China,130
2018-12-25,Canada,18
2018-12-26,Australia,67
2018-12-27,China,91
2018-12-28,USA,157
2018-12-29,UK,134
2018-12-30,Australia,209
2018-12-31,Russia,13
2019-01-01,China,175
2019-01-02,Germany,81
2019-01-03,Germany,24
2019-01-04,Canada,76
2019-01-05,India,193
2019-01-06,Russia,121
2019-01-07,China,208
2019-01-08,India,14
2019-01-09,China,45
2019-01-10,Germany,48
2019-01-11,India,195
2019-01-12,Brazil,202
2019-01-13,India,174
2019-01-14,India,79
2019-01-15,Brazil,28
2019-01-16,Germany,115
2019-01-17,USA,131
2019-01-18,Russia,206
2019-01-19,Canada,244
2019-01-20,Australia,127
2019-01-21,Germany,130
2019-01-22,France,185
2019-01-23,Canada,136
2019-01-24,Canada,248
2019-01-25,Australia,155
2019-01-26,Brazil,22
2019-01-27,Australia,26
2019-01-28,Canada,151
2019-01-29,France,227
2019-01-30,China,61
2019-01-31,USA,43
2019-02-01,France,113
2019-02-02,France,168
2019-02-03,Canada,105
2019-02-04,Russia,232
2019-02-05,Canada,126
2019-02-06,USA,217
2019-02-07,Australia,158
2019-02-08,Russia,106
2019-02-09,China,137
2019-02-10,USA,140
2019-02-11,China,27
2019-02-12,USA,148
2019-02-13,France,92
2019-02-14,UK,37
2019-02-15,China,41
2019-02-16,China,157
2019-02-17,China,21
2019-02-18,Russia,120
2019-02-19,USA,66
2019-02-20,Australia,206
2019-02-21,Canada,108
2019-02-22,Canada,206
2019-02-23,India,37
2019-02-24,Canada,108
2019-02-25,USA,228
2019-02-26,USA,23
2019-02-27,Canada,167
2019-02-28,USA,103
2019-03-01,Australia,222
2019-03-02,France,115
2019-03-03,UK,82
2019-03-04,Canada,225
2019-03-05,Canada,75
2019-03-06,Russia,220
2019-03-07,Russia,101
2019-03-08,UK,12
2019-03-09,Australia,127
2019-03-10,China,138
2019-03-11,USA,93
2019-03-12,USA,43
2019-03-13,Canada,95
2019-03-14,Russia,15
2019-03-15,Brazil,196
2019-03-16,China,19
2019-03-17,India,155
2019-03-18,Russia,189
2019-03-19,Germany,227
2019-03-20,China,140
2019-03-21,Germany,194
2019-03-22,Germany,15
2019-03-23,USA,179
2019-03-24,Brazil,192
2019-03-25,USA,85
2019-03-26,China,234
2019-03-27,Canada,176
2019-03-28,Australia,161
2019-03-29,Germany,27
2019-03-30,Australia,230
2019-03-31,France,217
2019-04-01,Brazil,141
2019-04-02,Brazil,93
2019-04-03,Brazil,209
2019-04-04,India,14
2019-04-05,Brazil,137
2019-04-06,Brazil,124
2019-04-07,India,156
2019-04-08,France,19
2019-04-09,Germany,75
2019-04-10,Canada,244
2019-04-11,India,228
2019-04-12,China,145
2019-04-13,France,209
2019-04-14,USA,63
2019-04-15,Canada,111
2019-04-16,China,239
2019-04-17,USA,90
2019-04-18,Russia,32
2019-04-19,India,156
2019-04-20,India,151
2019-04-21,UK,171
2019-04-22,India,246
2019-04-23,France,176
2019-04-24,Russia,16
2019-04-25,India,120
2019-04-26,Brazil,225
2019-04-27,Canada,85
2019-04-28,Brazil,30
2019-04-29,Brazil,53
2019-04-30,UK,10
2019-05-01,France,73
2019-05-02,Germany,29
2019-05-03,UK,85
2019-05-04,UK,115
2019-05-05,France,92
2019-05-06,UK,71
2019-05-07,Germany,112
2019-05-08,India,153
2019-05-09,Germany,71
2019-05-10,Germany,64
2019-05-11,Germany,153
2019-05-12,Germany,73
2019-05-13,Canada,148
2019-05-14,France,226
2019-05-15,Australia,220
2019-05-16,Russia,57
2019-05-17,USA,217
2019-05-18,Australia,153
2019-05-19,Canada,98
2019-05-20,Germany,236
2019-05-21,USA,110
2019-05-22,India,115
2019-05-23,Brazil,198
2019-05-24,Canada,57
2019-05-25,Canada,72
2019-05-26,Russia,196
2019-05-27,Russia,147
2019-05-28,Australia,78
2019-05-29,Russia,233
2019-05-30,Canada,235
2019-05-31,China,68
2019-06-01,Australia,178
2019-06-02,India,238
2019-06-03,China,24
2019-06-04,USA,32
2019-06-05,Canada,221
2019-06-06,India,34
2019-06-07,Australia,230
2019-06-08,USA,88
2019-06-09,Australia,148
2019-06-10,UK,59
2019-06-11,USA,187
2019-06-12,Australia,17
2019-06-13,France,14
2019-06-14,Australia,250
2019-06-15,Australia,89
2019-06-16,Canada,172
2019-06-17,China,115
2019-06-18,Germany,156
2019-06-19,France,111
2019-06-20,Russia,151
2019-06-21,Germany,211
2019-06-22,Germany,90
2019-06-23,Brazil,65
2019-06-24,USA,112
2019-06-25,Russia,123
2019-06-26,USA,55
2019-06-27,India,64
2019-06-28,China,51
2019-06-29,Australia,88
2019-06-30,India,167
2019-07-01,USA,192
2019-07-02,USA,12
2019-07-03,Canada,82
2019-07-04,UK,162
2019-07-05,France,32
2019-07-06,Brazil,102
2019-07-07,Australia,158
2019-07-08,UK,236
2019-07-09,Australia,70
2019-07-10,Brazil,158
2019-07-11,Australia,61
2019-07-12,India,95
2019-07-13,UK,14
2019-07-14,Australia,44
2019-07-15,China,37
2019-07-16,UK,241
2019-07-17,Brazil,150
2019-07-18,Brazil,162
2019-07-19,France,233
2019-07-20,China,199
2019-07-21,Brazil,146
2019-07-22,France,175
2019-07-23,India,134
2019-07-24,UK,77
2019-07-25,India,103
2019-07-26,UK,119
2019-07-27,Brazil,174
2019-07-28,India,34
2019-07-29,Canada,197
2019-07-30,China,182
2019-07-31,Brazil,185
2019-08-01,France,192
2019-08-02,China,181
2019-08-03,France,137
2019-08-04,Brazil,75
2019-08-05,Brazil,162
2019-08-06,Australia,25
2019-08-07,China,58
2019-08-08,France,230
2019-08-09,Russia,18
2019-08-10,USA,140
2019-08-11,Canada,218
2019-08-12,Germany,211
2019-08-13,France,33
2019-08-14,Germany,10
2019-08-15,China,134
2019-08-16,Brazil,73
2019-08-17,China,240
2019-08-18,Germany,133
2019-08-19,Russia,68
2019-08-20,India,182
2019-08-21,India,79
2019-08-22,USA,239
2019-08-23,Australia,106
2019-08-24,Brazil,135
2019-08-25,Germany,233
2019-08-26,China,111
2019-08-27,Canada,11
2019-08-28,China,203
2019-08-29,France,207
2019-08-30,UK,67
2019-08-31,USA,170
2019-09-01,France,116
2019-09-02,Russia,68
2019-09-03,France,120
2019-09-04,India,120
2019-09-05,India,165
2019-09-06,India,141
2019-09-07,France,195
2019-09-08,France,77
2019-09-09,UK,24
2019-09-10,Germany,16
2019-09-11,Russia,132
2019-09-12,Russia,192
2019-09-13,France,231
2019-09-14,Brazil,142
2019-09-15,Brazil,70
2019-09-16,Russia,92
2019-09-17,France,240
2019-09-18,India,144
2019-09-19,Brazil,134
2019-09-20,USA,30
2019-09-21,China,169
2019-09-22,China,250
2019-09-23,Australia,12
2019-09-24,Brazil,173
2019-09-25,Canada,212
2019-09-26,Canada,56
2019-09-27,Australia,184
2019-09-28,France,232
2019-09-29,India,90
2019-09-30,Germany,131
2019-10-01,Russia,185
2019-10-02,Germany,144
2019-10-03,India,151
2019-10-04,China,183
2019-10-05,USA,105
2019-10-06,Russia,151
2019-10-07,UK,85
2019-10-08,France,105
2019-10-09,USA,205
2019-10-10,China,223
2019-10-11,Germany,210
2019-10-12,USA,167
2019-10-13,Germany,64
2019-10-14,France,210
2019-10-15,UK,78
2019-10-16,UK,144
2019-10-17,Germany,60
2019-10-18,Brazil,218
2019-10-19,Brazil,182
2019-10-20,France,227
2019-10-21,UK,215
2019-10-22,Germany,174
2019-10-23,Germany,22
2019-10-24,India,60
2019-10-25,Brazil,152
2019-10-26,France,195
2019-10-27,Russia,240
2019-10-28,Australia,139
2019-10-29,Canada,95
2019-10-30,UK,240
2019-10-31,France,107
2019-11-01,France,94
2019-11-02,Canada,168
2019-11-03,Canada,175
2019-11-04,USA,152
2019-11-05,UK,136
2019-11-06,UK,205
2019-11-07,Germany,178
2019-11-08,Germany,241
2019-11-09,UK,31
2019-11-10,France,168
2019-11-11,Canada,118
2019-11-12,Canada,23
2019-11-13,France,81
2019-11-14,China,41
2019-11-15,UK,106
2019-11-16,Brazil,98
2019-11-17,Canada,149
2019-11-18,Brazil,250
2019-11-19,Germany,77
2019-11-20,Russia,174
2019-11-21,France,247
2019-11-22,France,234
2019-11-23,Germany,53
2019-11-24,UK,132
2019-11-25,Brazil,10
2019-11-26,France,230
2019-11-27,Brazil,11
2019-11-28,Brazil,240
2019-11-29,China,50
2019-11-30,India,127
2019-12-01,Australia,134
2019-12-02,Brazil,54
2019-12-03,USA,186
2019-12-04,Australia,130
2019-12-05,India,231
2019-12-06,UK,61
2019-12-07,Canada,129
2019-12-08,Canada,58
2019-12-09,Germany,19
2019-12-10,India,27
2019-12-11,Germany,59
2019-12-12,India,151
2019-12-13,Germany,147
2019-12-14,Germany,114
2019-12-15,India,82
2019-12-16,Australia,174
2019-12-17,Brazil,48
2019-12-18,Russia,14
2019-12-19,Brazil,19
2019-12-20,USA,57
2019-12-21,UK,192
2019-12-22,USA,240
2019-12-23,Brazil,27
2019-12-24,Russia,211
2019-12-25,India,108
2019-12-26,USA,221
2019-12-27,India,199
2019-12-28,Canada,102
2019-12-29,UK,136
2019-12-30,France,151
2019-12-31,USA,103
2020-01-01,China,74
2020-01-02,India,88
2020-01-03,France,93
2020-01-04,Brazil,85
2020-01-05,China,240
2020-01-06,France,118
2020-01-07,China,46
2020-01-08,France,25
2020-01-09,Germany,189
2020-01-10,UK,246
2020-01-11,China,221
2020-01-12,Brazil,97
2020-01-13,Canada,75
2020-01-14,Australia,57
2020-01-15,France,124
2020-01-16,China,27
2020-01-17,USA,126
2020-01-18,China,193
2020-01-19,Germany,158
2020-01-20,Brazil,140
2020-01-21,Brazil,96
2020-01-22,China,134
2020-01-23,Germany,73
2020-01-24,France,10
2020-01-25,Germany,121
2020-01-26,UK,128
2020-01-27,Russia,112
2020-01-28,Germany,184
2020-01-29,India,246
2020-01-30,Brazil,144
2020-01-31,Russia,106
2020-02-01,India,140
2020-02-02,Australia,27
2020-02-03,India,146
2020-02-04,Australia,29
2020-02-05,Canada,221
2020-02-06,Canada,46
2020-02-07,UK,186
2020-02-08,Canada,233
2020-02-09,France,153
2020-02-10,Brazil,28
2020-02-11,India,42
2020-02-12,China,49
2020-02-13,Australia,226
2020-02-14,Russia,10
2020-02-15,Germany,40
2020-02-16,France,144
2020-02-17,Australia,19
2020-02-18,UK,147
2020-02-19,Brazil,223
2020-02-20,France,158
2020-02-21,UK,42
2020-02-22,Brazil,135
2020-02-23,Russia,169
2020-02-24,Russia,123
2020-02-25,Australia,48
2020-02-26,Australia,79
2020-02-27,Russia,56
2020-02-28,USA,211
2020-02-29,China,145
2020-03-01,Germany,249
2020-03-02,France,124
2020-03-03,USA,136
2020-03-04,Canada,132
2020-03-05,USA,49
2020-03-06,China,91
2020-03-07,Russia,18
2020-03-08,Germany,130
2020-03-09,USA,128
2020-03-10,Canada,89
2020-03-11,USA,198
2020-03-12,USA,234
2020-03-13,Russia,64
2020-03-14,France,20
2020-03-15,Germany,95
2020-03-16,Canada,249
2020-03-17,India,143
2020-03-18,China,219
2020-03-19,USA,61
2020-03-20,Australia,176
2020-03-21,China,65
2020-03-22,China,243
2020-03-23,Germany,167
2020-03-24,Russia,192
2020-03-25,Australia,104
2020-03-26,China,102
2020-03-27,Germany,140
2020-03-28,France,234
2020-03-29,Australia,28
2020-03-30,China,104
2020-03-31,UK,39
2020-04-01,Brazil,29
2020-04-02,Brazil,189
2020-04-03,UK,226
2020-04-04,Australia,176
2020-04-05,Australia,107
2020-04-06,Germany,53
2020-04-07,USA,117
2020-04-08,Germany,26
2020-04-09,Canada,52
2020-04-10,Australia,178
2020-04-11,France,81
2020-04-12,Australia,65
2020-04-13,France,139
2020-04-14,France,105
2020-04-15,USA,66
2020-04-16,Germany,16
2020-04-17,UK,41
2020-04-18,India,161
2020-04-19,Brazil,44
2020-04-20,France,142
2020-04-21,USA,206
2020-04-22,China,225
2020-04-23,Brazil,35
2020-04-24,France,156
2020-04-25,UK,23
2020-04-26,Brazil,122
2020-04-27,Brazil,218
2020-04-28,Brazil,71
2020-04-29,Germany,10
2020-04-30,UK,177
2020-05-01,UK,24
2020-05-02,India,200
2020-05-03,Russia,184
2020-05-04,Russia,214
2020-05-05,Brazil,178
2020-05-06,China,238
2020-05-07,Australia,47
2020-05-08,Canada,122
2020-05-09,China,15
2020-05-10,China,65
2020-05-11,Canada,76
2020-05-12,Russia,21
2020-05-13,Russia,77
2020-05-14,India,25
2020-05-15,India,235
2020-05-16,Russia,47
2020-05-17,Germany,221
2020-05-18,UK,75
2020-05-19,Brazil,97
2020-05-20,Germany,174
2020-05-21,UK,116
2020-05-22,India,190
2020-05-23,Brazil,124
2020-05-24,Germany,42
2020-05-25,Canada,140
2020-05-26,Canada,10
2020-05-27,France,50
2020-05-28,USA,147
2020-05-29,France,94
2020-05-30,Canada,67
2020-05-31,Canada,213
2020-06-01,Brazil,19
2020-06-02,France,56
2020-06-03,France,178
2020-06-04,UK,228
2020-06-05,Canada,85
2020-06-06,Canada,214
2020-06-07,China,107
2020-06-08,India,214
2020-06-09,Russia,131
2020-06-10,Germany,80
2020-06-11,India,136
2020-06-12,China,36
2020-06-13,USA,144
2020-06-14,Russia,116
2020-06-15,Australia,87
2020-06-16,China,146
2020-06-17,Australia,133
2020-06-18,China,134
2020-06-19,UK,52
2020-06-20,China,132
2020-06-21,Canada,195
2020-06-22,Germany,84
2020-06-23,Brazil,22
2020-06-24,Germany,90
2020-06-25,UK,74
2020-06-26,France,207
2020-06-27,Canada,34
2020-06-28,France,126
2020-06-29,USA,197
2020-06-30,Australia,132
2020-07-01,Germany,218
2020-07-02,UK,34
2020-07-03,China,75
2020-07-04,Brazil,119
2020-07-05,India,208
2020-07-06,USA,184
2020-07-07,Brazil,232
2020-07-08,China,82
2020-07-09,Brazil,135
2020-07-10,France,184
2020-07-11,Germany,241
2020-07-12,India,47
2020-07-13,India,241
2020-07-14,Brazil,204
2020-07-15,China,26
2020-07-16,France,169
2020-07-17,India,95
2020-07-18,France,121
2020-07-19,Russia,106
2020-07-20,China,100
2020-07-21,China,213
2020-07-22,Brazil,54
2020-07-23,India,105
2020-07-24,Brazil,182
2020-07-25,UK,203
2020-07-26,Brazil,33
2020-07-27,Brazil,34
2020-07-28,Australia,33
2020-07-29,Germany,219
2020-07-30,Brazil,212
2020-07-31,USA,62
2020-08-01,Russia,177
2020-08-02,Canada,181
2020-08-03,China,200
2020-08-04,China,149
2020-08-05,Germany,189
2020-08-06,Canada,213
2020-08-07,UK,199
2020-08-08,USA,71
2020-08-09,USA,203
2020-08-10,India,139
2020-08-11,China,189
2020-08-12,China,215
2020-08-13,Russia,198
2020-08-14,Brazil,17
2020-08-15,Australia,143
2020-08-16,Canada,246
2020-08-17,Brazil,51
2020-08-18,India,28
2020-08-19,India,133
2020-08-20,China,183
2020-08-21,China,124
2020-08-22,China,72
2020-08-23,UK,89
2020-08-24,France,110
2020-08-25,Australia,156
2020-08-26,France,212
2020-08-27,China,19
2020-08-28,Germany,170
2020-08-29,Australia,221
2020-08-30,Russia,119
2020-08-31,Canada,246
2020-09-01,Australia,236
2020-09-02,Australia,110
2020-09-03,India,19
2020-09-04,Germany,218
2020-09-05,UK,217
2020-09-06,Russia,94
2020-09-07,USA,73
2020-09-08,India,207
2020-09-09,India,172
2020-09-10,USA,194
2020-09-11,Russia,156
2020-09-12,China,158
2020-09-13,Australia,76
2020-09-14,Russia,117
2020-09-15,Australia,117
2020-09-16,India,79
2020-09-17,France,104
2020-09-18,UK,10
2020-09-19,Australia,145
2020-09-20,China,236
2020-09-21,USA,10
2020-09-22,Australia,115
2020-09-23,UK,81
2020-09-24,India,82
2020-09-25,UK,83
2020-09-26,Australia,139
2020-09-27,India,122
2020-09-28,USA,173
2020-09-29,USA,203
2020-09-30,France,182
2020-10-01,Canada,142
2020-10-02,Russia,44
2020-10-03,Russia,115
2020-10-04,Germany,142
2020-10-05,USA,127
2020-10-06,Australia,169
2020-10-07,Brazil,103
2020-10-08,UK,188
2020-10-09,China,74
2020-10-10,Australia,193
2020-10-11,UK,230
2020-10-12,France,100
2020-10-13,Canada,209
2020-10-14,Germany,67
2020-10-15,Germany,202
2020-10-16,India,194
2020-10-17,Australia,95
2020-10-18,UK,91
2020-10-19,Australia,90
2020-10-20,Canada,133
2020-10-21,Russia,64
2020-10-22,Australia,96
2020-10-23,Germany,138
2020-10-24,India,10
2020-10-25,Australia,12
2020-10-26,Germany,28
2020-10-27,Brazil,56
2020-10-28,Germany,131
2020-10-29,Canada,194
2020-10-30,India,18
2020-10-31,Canada,43
2020-11-01,China,35
2020-11-02,France,60
2020-11-03,China,133
2020-11-04,Canada,154
2020-11-05,India,104
2020-11-06,USA,172
2020-11-07,Canada,81
2020-11-08,Brazil,189
2020-11-09,Canada,61
2020-11-10,Australia,157
2020-11-11,Russia,133
2020-11-12,India,54
2020-11-13,Canada,158
2020-11-14,India,217
2020-11-15,France,133
2020-11-16,Canada,221
2020-11-17,Canada,53
2020-11-18,France,90
2020-11-19,France,146
2020-11-20,UK,27
2020-11-21,Germany,97
2020-11-22,UK,12
2020-11-23,France,63
2020-11-24,Australia,157
2020-11-25,Canada,233
2020-11-26,UK,151
2020-11-27,Germany,78
2020-11-28,India,115
2020-11-29,Germany,82
2020-11-30,France,142
2020-12-01,China,201
2020-12-02,Germany,172
2020-12-03,Germany,24
2020-12-04,Germany,156
2020-12-05,UK,207
2020-12-06,India,25
2020-12-07,USA,213
2020-12-08,UK,152
2020-12-09,Brazil,94
2020-12-10,UK,181
2020-12-11,UK,80
2020-12-12,Canada,182
2020-12-13,China,24
2020-12-14,Australia,78
2020-12-15,China,63
2020-12-16,Russia,206
2020-12-17,Canada,177
2020-12-18,Brazil,57
2020-12-19,Canada,168
2020-12-20,Germany,158
2020-12-21,France,71
2020-12-22,UK,112
2020-12-23,UK,15
2020-12-24,Russia,92
2020-12-25,Brazil,83
2020-12-26,Germany,122
2020-12-27,Germany,55
2020-12-28,Germany,28
2020-12-29,UK,110
2020-12-30,Brazil,56
2020-12-31,Australia,193
2021-01-01,USA,100
2021-01-02,Brazil,196
2021-01-03,China,230
2021-01-04,Germany,144
2021-01-05,India,53
2021-01-06,Germany,160
2021-01-07,India,242
2021-01-08,India,103
2021-01-09,Canada,130
2021-01-10,France,165
2021-01-11,UK,247
2021-01-12,Canada,211
2021-01-13,USA,71
2021-01-14,USA,149
2021-01-15,Canada,55
2021-01-16,Brazil,139
2021-01-17,France,206
2021-01-18,China,244
2021-01-19,USA,164
2021-01-20,Canada,29
2021-01-21,Russia,60
2021-01-22,Australia,217
2021-01-23,India,111
2021-01-24,France,171
2021-01-25,India,40
2021-01-26,China,233
2021-01-27,India,175
2021-01-28,Brazil,208
2021-01-29,Russia,161
2021-01-30,India,32
2021-01-31,India,178
2021-02-01,Australia,61
2021-02-02,France,67
2021-02-03,India,141
2021-02-04,Germany,116
2021-02-05,Germany,149
2021-02-06,USA,15
2021-02-07,India,149
2021-02-08,Australia,199
2021-02-09,Brazil,162
2021-02-10,Germany,78
2021-02-11,China,142
2021-02-12,China,63
2021-02-13,Canada,212
2021-02-14,Brazil,125
2021-02-15,Canada,152
2021-02-16,Germany,90
2021-02-17,India,66
2021-02-18,USA,225
2021-02-19,Russia,197
2021-02-20,Russia,211
2021-02-21,China,48
2021-02-22,China,227
2021-02-23,Brazil,182
2021-02-24,UK,154
2021-02-25,UK,74
2021-02-26,Germany,228
2021-02-27,Germany,227
2021-02-28,China,56
2021-03-01,India,30
2021-03-02,Canada,113
2021-03-03,USA,183
2021-03-04,France,70
2021-03-05,Canada,12
2021-03-06,Brazil,43
2021-03-07,UK,16
2021-03-08,China,55
2021-03-09,India,230
2021-03-10,Australia,100
2021-03-11,Russia,181
2021-03-12,Brazil,103
2021-03-13,China,230
2021-03-14,Germany,237
2021-03-15,China,158
2021-03-16,Australia,184
2021-03-17,USA,68
2021-03-18,USA,176
2021-03-19,Australia,112
2021-03-20,Australia,211
2021-03-21,Canada,231
2021-03-22,Australia,179
2021-03-23,Germany,195
2021-03-24,Russia,105
2021-03-25,India,62
2021-03-26,China,205
2021-03-27,China,98
2021-03-28,UK,91
2021-03-29,Canada,161
2021-03-30,Brazil,184
2021-03-31,Canada,195
2021-04-01,Australia,178
2021-04-02,Brazil,191
2021-04-03,Canada,210
2021-04-04,USA,143
2021-04-05,Brazil,207
2021-04-06,Canada,49
2021-04-07,USA,212
2021-04-08,Russia,97
2021-04-09,Germany,167
2021-04-10,China,58
2021-04-11,China,182
2021-04-12,France,131
2021-04-13,Germany,135
2021-04-14,Russia,148
2021-04-15,India,60
2021-04-16,France,173
2021-04-17,Russia,236
2021-04-18,Australia,239
2021-04-19,Russia,123
2021-04-20,Australia,241
2021-04-21,India,142
2021-04-22,India,246
2021-04-23,UK,49
2021-04-24,China,175
2021-04-25,Canada,112
2021-04-26,France,92
2021-04-27,France,120
2021-04-28,China,224
2021-04-29,Russia,67
2021-04-30,Russia,67
2021-05-01,Canada,142
2021-05-02,India,133
2021-05-03,Russia,56
2021-05-04,India,212
2021-05-05,Germany,23
2021-05-06,India,216
2021-05-07,Australia,63
2021-05-08,China,216
2021-05-09,Germany,100
2021-05-10,Russia,73
2021-05-11,Canada,105
2021-05-12,Brazil,147
2021-05-13,India,10
2021-05-14,Russia,190
2021-05-15,Russia,20
2021-05-16,Russia,93
2021-05-17,India,185
2021-05-18,Brazil,26
2021-05-19,China,66
2021-05-20,USA,220
2021-05-21,India,240
2021-05-22,Germany,156
2021-05-23,Germany,191
2021-05-24,Australia,79
2021-05-25,Canada,51
2021-05-26,Germany,172
2021-05-27,Brazil,111
2021-05-28,France,106
2021-05-29,India,65
2021-05-30,Russia,109
2021-05-31,Germany,159
2021-06-01,USA,220
2021-06-02,Australia,134
2021-06-03,USA,147
2021-06-04,Brazil,149
2021-06-05,Australia,56
2021-06-06,China,79
2021-06-07,India,138
2021-06-08,Canada,158
2021-06-09,China,25
2021-06-10,Canada,203
2021-06-11,Germany,75
2021-06-12,Russia,232
2021-06-13,Canada,184
2021-06-14,UK,231
2021-06-15,UK,54
2021-06-16,India,214
2021-06-17,Germany,137
2021-06-18,India,129
2021-06-19,France,173
2021-06-20,Germany,205
2021-06-21,Brazil,168
2021-06-22,Brazil,90
2021-06-23,India,194
2021-06-24,USA,144
2021-06-25,Australia,108
2021-06-26,Australia,48
2021-06-27,China,168
2021-06-28,France,100
2021-06-29,Canada,92
2021-06-30,China,70
2021-07-01,Canada,211
2021-07-02,Canada,198
2021-07-03,India,45
2021-07-04,China,47
2021-07-05,USA,96
2021-07-06,USA,202
2021-07-07,UK,110
2021-07-08,India,119
2021-07-09,Australia,42
2021-07-10,Germany,179
2021-07-11,Canada,193
2021-07-12,Germany,106
2021-07-13,Germany,84
2021-07-14,France,70
2021-07-15,Canada,49
2021-07-16,France,154
2021-07-17,Canada,231
2021-07-18,India,98
2021-07-19,UK,205
2021-07-20,China,246
2021-07-21,Russia,13
2021-07-22,Germany,10
2021-07-23,India,207
2021-07-24,China,10
2021-07-25,Canada,159
2021-07-26,Germany,234
2021-07-27,Canada,141
2021-07-28,India,129
2021-07-29,Canada,135
2021-07-30,France,217
2021-07-31,USA,44
2021-08-01,USA,194
2021-08-02,India,179
2021-08-03,USA,238
2021-08-04,Australia,93
2021-08-05,Russia,18
2021-08-06,Russia,133
2021-08-07,USA,223
2021-08-08,USA,36
2021-08-09,Canada,168
2021-08-10,Germany,238
2021-08-11,Australia,60
2021-08-12,France,176
2021-08-13,USA,169
2021-08-14,France,93
2021-08-15,India,98
2021-08-16,France,114
2021-08-17,Australia,52
2021-08-18,Brazil,37
2021-08-19,UK,151
2021-08-20,UK,140
2021-08-21,Australia,92
2021-08-22,USA,67
2021-08-23,UK,160
2021-08-24,Germany,95
2021-08-25,Brazil,205
2021-08-26,USA,26
2021-08-27,India,150
2021-08-28,Germany,123
2021-08-29,Russia,238
2021-08-30,Russia,109
2021-08-31,France,183
2021-09-01,India,90
2021-09-02,UK,128
2021-09-03,Germany,132
2021-09-04,Russia,33
2021-09-05,India,109
2021-09-06,Germany,232
2021-09-07,China,85
2021-09-08,Australia,151
2021-09-09,UK,57
2021-09-10,USA,195
2021-09-11,USA,156
2021-09-12,Brazil,45
2021-09-13,UK,70
2021-09-14,France,92
2021-09-15,UK,26
2021-09-16,Russia,230
2021-09-17,Australia,20
2021-09-18,Canada,243
2021-09-19,China,15
2021-09-20,China,16
2021-09-21,Australia,241
2021-09-22,UK,90
2021-09-23,Canada,240
2021-09-24,Germany,59
2021-09-25,France,227
2021-09-26,Germany,64
2021-09-27,Canada,200
2021-09-28,Canada,80
2021-09-29,USA,72
2021-09-30,USA,221
2021-10-01,UK,54
2021-10-02,China,196
2021-10-03,Canada,20
2021-10-04,Germany,38
2021-10-05,Canada,26
2021-10-06,Canada,104
2021-10-07,UK,102
2021-10-08,China,29
2021-10-09,Australia,12
2021-10-10,USA,95
2021-10-11,India,47
2021-10-12,Australia,120
2021-10-13,Brazil,163
2021-10-14,China,13
2021-10-15,Russia,78
2021-10-16,USA,21
2021-10-17,Germany,163
2021-10-18,Russia,46
2021-10-19,Canada,183
2021-10-20,Australia,85
2021-10-21,India,146
2021-10-22,Russia,68
2021-10-23,Canada,109
2021-10-24,Germany,159
2021-10-25,Canada,211
2021-10-26,Germany,183
2021-10-27,UK,167
2021-10-28,Russia,51
2021-10-29,Russia,70
2021-10-30,France,19
2021-10-31,France,149
2021-11-01,India,126
2021-11-02,Australia,12
2021-11-03,UK,21
2021-11-04,China,160
2021-11-05,Brazil,231
2021-11-06,Russia,117
2021-11-07,Australia,191
2021-11-08,India,178
2021-11-09,Brazil,155
2021-11-10,France,168
2021-11-11,Australia,106
2021-11-12,USA,192
2021-11-13,Russia,64
2021-11-14,Australia,245
2021-11-15,China,20
2021-11-16,Australia,173
2021-11-17,Brazil,126
2021-11-18,Germany,19
2021-11-19,Canada,85
2021-11-20,UK,180
2021-11-21,Brazil,51
2021-11-22,Brazil,197
2021-11-23,UK,130
2021-11-24,India,250
2021-11-25,UK,224
2021-11-26,India,47
2021-11-27,Russia,31
2021-11-28,Australia,105
2021-11-29,France,26
2021-11-30,India,124
2021-12-01,Brazil,126
2021-12-02,France,145
2021-12-03,Germany,137
2021-12-04,Germany,51
2021-12-05,Germany,38
2021-12-06,France,30
2021-12-07,UK,244
2021-12-08,France,131
2021-12-09,Australia,67
2021-12-10,India,91
2021-12-11,Canada,42
2021-12-12,China,158
2021-12-13,Australia,211
2021-12-14,Australia,175
2021-12-15,Russia,230
2021-12-16,Germany,241
2021-12-17,Brazil,249
2021-12-18,India,116
2021-12-19,UK,229
2021-12-20,Brazil,17
2021-12-21,Australia,51
2021-12-22,Brazil,228
2021-12-23,France,96
2021-12-24,USA,239
2021-12-25,Australia,123
2021-12-26,UK,74
2021-12-27,India,92
2021-12-28,Australia,247
2021-12-29,France,195
2021-12-30,India,109
2021-12-31,USA,235
2022-01-01,USA,143
2022-01-02,China,194
2022-01-03,UK,231
2022-01-04,USA,175
2022-01-05,India,225
2022-01-06,UK,16
2022-01-07,France,122
2022-01-08,Germany,171
2022-01-09,UK,44
2022-01-10,USA,95
2022-01-11,Australia,131
2022-01-12,Australia,250
2022-01-13,France,109
2022-01-14,Brazil,233
2022-01-15,India,240
2022-01-16,Brazil,140
2022-01-17,France,127
2022-01-18,Russia,187
2022-01-19,USA,58
2022-01-20,Brazil,88
2022-01-21,Russia,208
2022-01-22,India,75
2022-01-23,Australia,169
2022-01-24,Russia,236
2022-01-25,Germany,224
2022-01-26,China,229
2022-01-27,Germany,122
2022-01-28,China,165
2022-01-29,India,185
2022-01-30,Russia,197
2022-01-31,Russia,196
2022-02-01,Australia,216
2022-02-02,USA,37
2022-02-03,Brazil,69
2022-02-04,UK,175
2022-02-05,China,204
2022-02-06,Brazil,172
2022-02-07,UK,190
2022-02-08,UK,103
2022-02-09,Australia,188
2022-02-10,India,194
2022-02-11,Australia,10
2022-02-12,Russia,29
2022-02-13,Brazil,88
2022-02-14,Brazil,209
2022-02-15,India,166
2022-02-16,Brazil,55
2022-02-17,China,115
2022-02-18,Brazil,77
2022-02-19,Australia,111
2022-02-20,India,132
2022-02-21,Brazil,109
2022-02-22,USA,217
2022-02-23,Australia,144
2022-02-24,India,217
2022-02-25,France,24
2022-02-26,Canada,127
2022-02-27,Germany,205
2022-02-28,India,138
2022-03-01,China,157
2022-03-02,UK,173
2022-03-03,Australia,162
2022-03-04,China,232
2022-03-05,Brazil,234
2022-03-06,France,245
2022-03-07,Brazil,244
2022-03-08,Brazil,134
2022-03-09,UK,203
2022-03-10,Russia,52
2022-03-11,China,146
2022-03-12,China,213
2022-03-13,Canada,245
2022-03-14,Germany,135
2022-03-15,USA,230
2022-03-16,Germany,13
2022-03-17,India,203
2022-03-18,Australia,86
2022-03-19,USA,170
2022-03-20,Brazil,39
2022-03-21,India,208
2022-03-22,Canada,136
2022-03-23,Germany,227
2022-03-24,UK,227
2022-03-25,India,226
2022-03-26,China,249
2022-03-27,USA,154
2022-03-28,Germany,227
2022-03-29,France,201
2022-03-30,Brazil,100
2022-03-31,France,225
2022-04-01,Brazil,52
2022-04-02,Brazil,183
2022-04-03,USA,27
2022-04-04,Germany,89
2022-04-05,Germany,19
2022-04-06,Brazil,151
2022-04-07,UK,193
2022-04-08,Russia,32
2022-04-09,Germany,211
2022-04-10,China,97
2022-04-11,Russia,214
2022-04-12,India,130
2022-04-13,Brazil,223
2022-04-14,Canada,236
2022-04-15,Brazil,102
2022-04-16,Australia,133
2022-04-17,Russia,60
2022-04-18,USA,37
2022-04-19,France,101
2022-04-20,UK,56
2022-04-21,USA,63
2022-04-22,Australia,90
2022-04-23,Russia,196
2022-04-24,UK,205
2022-04-25,Germany,76
2022-04-26,Canada,182
2022-04-27,Brazil,10
2022-04-28,China,26
2022-04-29,UK,37
2022-04-30,USA,67
2022-05-01,UK,122
2022-05-02,Australia,155
2022-05-03,Brazil,181
2022-05-04,Germany,43
2022-05-05,Russia,13
2022-05-06,Germany,31
2022-05-07,Russia,151
2022-05-08,Canada,191
2022-05-09,Australia,149
2022-05-10,Australia,156
2022-05-11,Canada,62
2022-05-12,UK,138
2022-05-13,Brazil,218
2022-05-14,Australia,223
2022-05-15,China,179
2022-05-16,India,174
2022-05-17,USA,26
2022-05-18,China,121
2022-05-19,Germany,194
2022-05-20,USA,11
2022-05-21,Canada,151
2022-05-22,Canada,246
2022-05-23,Australia,100
2022-05-24,USA,41
2022-05-25,Germany,184
2022-05-26,Germany,46
2022-05-27,Canada,128
2022-05-28,Germany,49
2022-05-29,Australia,202
2022-05-30,France,60
2022-05-31,UK,193
2022-06-01,Russia,129
2022-06-02,France,114
2022-06-03,China,207
2022-06-04,Russia,174
2022-06-05,France,93
2022-06-06,UK,213
2022-06-07,Russia,114
2022-06-08,China,185
2022-06-09,USA,192
2022-06-10,Germany,178
2022-06-11,Canada,16
2022-06-12,China,70
2022-06-13,Brazil,103
2022-06-14,Russia,187
2022-06-15,Australia,71
2022-06-16,USA,76
2022-06-17,Australia,21
2022-06-18,India,44
2022-06-19,India,18
2022-06-20,Russia,32
2022-06-21,Germany,192
2022-06-22,Canada,221
2022-06-23,Russia,210
2022-06-24,France,181
2022-06-25,USA,196
2022-06-26,UK,128
2022-06-27,USA,44
2022-06-28,Germany,60
2022-06-29,UK,123
2022-06-30,France,162
2022-07-01,Russia,239
2022-07-02,India,38
2022-07-03,Australia,105
2022-07-04,Australia,158
2022-07-05,India,186
2022-07-06,France,62
2022-07-07,China,208
2022-07-08,Germany,92
2022-07-09,Canada,22
2022-07-10,Brazil,20
2022-07-11,China,36
2022-07-12,Australia,115
2022-07-13,Australia,67
2022-07-14,Brazil,173
2022-07-15,China,243
2022-07-16,China,243
2022-07-17,Brazil,17
2022-07-18,Brazil,151
2022-07-19,France,120
2022-07-20,France,58
2022-07-21,China,219
2022-07-22,China,92
2022-07-23,Canada,107
2022-07-24,Germany,153
2022-07-25,Australia,115
2022-07-26,Canada,234
2022-07-27,Russia,14
2022-07-28,Russia,206
2022-07-29,Germany,58
2022-07-30,China,172
2022-07-31,Australia,61
2022-08-01,UK,215
2022-08-02,UK,187
2022-08-03,China,30
2022-08-04,UK,50
2022-08-05,India,204
2022-08-06,India,85
2022-08-07,Russia,156
2022-08-08,France,182
2022-08-09,India,247
2022-08-10,UK,99
2022-08-11,Canada,98
2022-08-12,Brazil,43
2022-08-13,UK,163
2022-08-14,Canada,48
2022-08-15,Brazil,58
2022-08-16,USA,143
2022-08-17,Russia,69
2022-08-18,Australia,151
2022-08-19,Russia,83
2022-08-20,Brazil,141
2022-08-21,UK,227
2022-08-22,UK,128
2022-08-23,France,113
2022-08-24,Australia,222
2022-08-25,Canada,195
2022-08-26,Germany,239
2022-08-27,France,185
2022-08-28,Australia,228
2022-08-29,Germany,118
2022-08-30,France,199
2022-08-31,Canada,36
2022-09-01,France,105
2022-09-02,Brazil,42
2022-09-03,USA,112
2022-09-04,France,140
2022-09-05,India,21
2022-09-06,Australia,249
2022-09-07,Germany,19
2022-09-08,USA,107
2022-09-09,Germany,96
2022-09-10,Canada,146
2022-09-11,France,63
2022-09-12,Australia,12
2022-09-13,UK,141
2022-09-14,China,35
2022-09-15,Australia,214
2022-09-16,India,230
2022-09-17,France,92
2022-09-18,China,248
2022-09-19,USA,52
2022-09-20,France,205
2022-09-21,Australia,123
2022-09-22,USA,81
2022-09-23,Russia,217
2022-09-24,USA,31
2022-09-25,France,25
2022-09-26,India,18
2022-09-27,Australia,177
2022-09-28,France,231
2022-09-29,USA,188
2022-09-30,Canada,173
2022-10-01,UK,127
2022-10-02,China,186
2022-10-03,UK,154
2022-10-04,India,137
2022-10-05,India,163
2022-10-06,USA,121
2022-10-07,UK,48
2022-10-08,France,80
2022-10-09,India,38
2022-10-10,India,237
2022-10-11,UK,80
2022-10-12,UK,183
2022-10-13,France,196
2022-10-14,China,20
2022-10-15,UK,84
2022-10-16,China,213
2022-10-17,China,119
2022-10-18,China,94
2022-10-19,UK,81
2022-10-20,India,42
2022-10-21,India,53
2022-10-22,India,205
2022-10-23,Australia,69
2022-10-24,France,150
2022-10-25,Canada,35
2022-10-26,China,23
2022-10-27,China,250
2022-10-28,Germany,47
2022-10-29,France,237
2022-10-30,Canada,59
2022-10-31,UK,225
2022-11-01,China,180
2022-11-02,Brazil,172
2022-11-03,Australia,121
2022-11-04,Australia,109
2022-11-05,China,219
2022-11-06,Australia,239
2022-11-07,India,108
2022-11-08,Australia,123
2022-11-09,USA,102
2022-11-10,India,116
2022-11-11,Germany,111
2022-11-12,Germany,148
2022-11-13,France,163
2022-11-14,France,38
2022-11-15,Germany,186
2022-11-16,Russia,87
2022-11-17,India,23
2022-11-18,Russia,141
2022-11-19,India,118
2022-11-20,France,98
2022-11-21,Germany,95
2022-11-22,UK,147
2022-11-23,Germany,63
2022-11-24,Australia,116
2022-11-25,China,131
2022-11-26,China,192
2022-11-27,Brazil,70
2022-11-28,UK,215
2022-11-29,USA,79
2022-11-30,India,203
2022-12-01,Brazil,164
2022-12-02,France,28
2022-12-03,Australia,153
2022-12-04,Australia,213
2022-12-05,China,172
2022-12-06,Australia,20
2022-12-07,UK,74
2022-12-08,India,206
2022-12-09,China,172
2022-12-10,India,35
2022-12-11,Canada,168
2022-12-12,Russia,156
2022-12-13,UK,177
2022-12-14,China,36
2022-12-15,Russia,145
2022-12-16,Canada,59
2022-12-17,USA,64
2022-12-18,UK,163
2022-12-19,Canada,109
2022-12-20,Germany,145
2022-12-21,India,195
2022-12-22,Germany,186
2022-12-23,Brazil,244
2022-12-24,Brazil,69
2022-12-25,Russia,89
2022-12-26,Brazil,169
2022-12-27,UK,103
2022-12-28,India,43
2022-12-29,Russia,204
2022-12-30,UK,19
2022-12-31,USA,18
2023-01-01,Canada,31
2023-01-02,India,142
2023-01-03,Russia,208
2023-01-04,Russia,241
2023-01-05,Germany,214
2023-01-06,Germany,50
2023-01-07,Brazil,44
2023-01-08,USA,180
2023-01-09,Canada,11
2023-01-10,Germany,218
2023-01-11,USA,86
2023-01-12,Canada,69
2023-01-13,USA,16
2023-01-14,Russia,111
2023-01-15,India,155
2023-01-16,India,179
2023-01-17,UK,80
2023-01-18,Russia,59
2023-01-19,Russia,169
2023-01-20,UK,234
2023-01-21,UK,26
2023-01-22,UK,172
2023-01-23,UK,64
2023-01-24,China,216
2023-01-25,Russia,216
2023-01-26,Russia,152
2023-01-27,Russia,106
2023-01-28,Russia,206
2023-01-29,Germany,196
2023-01-30,France,129
2023-01-31,Canada,162
2023-02-01,USA,68
2023-02-02,France,116
2023-02-03,Brazil,30
2023-02-04,Brazil,39
2023-02-05,Germany,158
2023-02-06,Germany,172
2023-02-07,Germany,98
2023-02-08,Russia,183
2023-02-09,UK,195
2023-02-10,USA,220
2023-02-11,Australia,69
2023-02-12,UK,234
2023-02-13,UK,147
2023-02-14,Canada,19
2023-02-15,Germany,190
2023-02-16,Australia,215
2023-02-17,China,74
2023-02-18,Brazil,142
2023-02-19,Canada,176
2023-02-20,Brazil,217
2023-02-21,Australia,218
2023-02-22,Australia,19
2023-02-23,UK,158
2023-02-24,Canada,166
2023-02-25,France,112
2023-02-26,USA,177
2023-02-27,Germany,48
2023-02-28,UK,181
2023-03-01,Russia,146
2023-03-02,France,168
2023-03-03,Russia,185
2023-03-04,Australia,110
2023-03-05,Germany,190
2023-03-06,Germany,122
2023-03-07,India,15
2023-03-08,France,117
2023-03-09,India,114
2023-03-10,Russia,205
2023-03-11,USA,137
2023-03-12,Russia,109
2023-03-13,China,48
2023-03-14,Russia,135
2023-03-15,Australia,247
2023-03-16,USA,222
2023-03-17,Brazil,243
2023-03-18,Brazil,234
2023-03-19,UK,177
2023-03-20,UK,78
2023-03-21,France,96
2023-03-22,Russia,232
2023-03-23,UK,119
2023-03-24,USA,218
2023-03-25,Germany,25
2023-03-26,Canada,244
2023-03-27,Germany,131
2023-03-28,Russia,71
2023-03-29,UK,156
2023-03-30,India,230
2023-03-31,USA,143
2023-04-01,Brazil,214
2023-04-02,Brazil,102
2023-04-03,China,242
2023-04-04,India,106
2023-04-05,India,147
2023-04-06,China,98
2023-04-07,France,116
2023-04-08,China,56
2023-04-09,Germany,236
2023-04-10,UK,226
2023-04-11,Russia,69
2023-04-12,France,138
2023-04-13,USA,78
2023-04-14,USA,172
2023-04-15,Australia,238
2023-04-16,Germany,242
2023-04-17,USA,113
2023-04-18,China,132
2023-04-19,China,105
2023-04-20,Australia,155
2023-04-21,Brazil,160
2023-04-22,Brazil,247
2023-04-23,Brazil,196
2023-04-24,Russia,164
2023-04-25,India,72
2023-04-26,China,111
2023-04-27,Canada,39
2023-04-28,France,62
2023-04-29,Australia,126
2023-04-30,India,152
2023-05-01,USA,60
2023-05-02,China,107
2023-05-03,Russia,216
2023-05-04,China,59
2023-05-05,Australia,181
2023-05-06,Brazil,163
2023-05-07,China,205
2023-05-08,Brazil,79
2023-05-09,Germany,239
2023-05-10,Canada,115
2023-05-11,China,224
2023-05-12,USA,116
2023-05-13,Australia,208
2023-05-14,Australia,131
2023-05-15,USA,218
2023-05-16,USA,243
2023-05-17,USA,250
2023-05-18,Australia,128
2023-05-19,Brazil,97
2023-05-20,UK,213
2023-05-21,Germany,248
2023-05-22,Russia,211
2023-05-23,China,238
2023-05-24,USA,175
2023-05-25,Canada,45
2023-05-26,India,152
2023-05-27,Canada,79
2023-05-28,India,89
2023-05-29,France,163
2023-05-30,Brazil,243
2023-05-31,Germany,44
2023-06-01,India,152
2023-06-02,Germany,91
2023-06-03,Australia,98
2023-06-04,Germany,177
2023-06-05,Australia,43
2023-06-06,UK,87
2023-06-07,Brazil,180
2023-06-08,Russia,191
2023-06-09,UK,205
2023-06-10,UK,22
2023-06-11,Canada,246
2023-06-12,USA,155
2023-06-13,Germany,12
2023-06-14,Brazil,53
2023-06-15,India,159
2023-06-16,Canada,127
2023-06-17,China,18
2023-06-18,Canada,12
2023-06-19,France,55
2023-06-20,France,169
2023-06-21,Australia,235
2023-06-22,Australia,190
2023-06-23,Brazil,137
2023-06-24,Germany,24
2023-06-25,China,192
2023-06-26,UK,148
2023-06-27,Australia,169
2023-06-28,Germany,240
2023-06-29,Canada,220
2023-06-30,India,126
2023-07-01,France,210
2023-07-02,Brazil,209
2023-07-03,Russia,61
2023-07-04,Russia,209
2023-07-05,USA,180
2023-07-06,UK,241
2023-07-07,India,25
2023-07-08,Germany,171
2023-07-09,Germany,147
2023-07-10,Germany,52
2023-07-11,China,204
2023-07-12,Brazil,89
2023-07-13,Australia,212
2023-07-14,Russia,125
2023-07-15,Brazil,33
2023-07-16,France,223
2023-07-17,Germany,207
2023-07-18,India,153
2023-07-19,China,99
2023-07-20,Australia,224
2023-07-21,USA,165
2023-07-22,USA,102
2023-07-23,Russia,84
2023-07-24,USA,188
2023-07-25,UK,59
2023-07-26,Germany,138
2023-07-27,India,126
2023-07-28,Germany,133
2023-07-29,USA,93
2023-07-30,USA,118
2023-07-31,Russia,187
2023-08-01,China,12
2023-08-02,France,134
2023-08-03,UK,196
2023-08-04,India,87
2023-08-05,Russia,179
2023-08-06,UK,79
2023-08-07,Canada,178
2023-08-08,Brazil,248
2023-08-09,France,201
2023-08-10,Germany,232
2023-08-11,India,30
2023-08-12,India,241
2023-08-13,Brazil,214
2023-08-14,Brazil,80
2023-08-15,Canada,175
2023-08-16,Russia,91
2023-08-17,UK,60
2023-08-18,Russia,234
2023-08-19,Brazil,246
2023-08-20,USA,163
2023-08-21,UK,218
2023-08-22,USA,222
2023-08-23,China,174
2023-08-24,Canada,26
2023-08-25,Brazil,111
2023-08-26,Australia,15
2023-08-27,China,249
2023-08-28,UK,168
2023-08-29,China,35
2023-08-30,Brazil,52
2023-08-31,China,115
2023-09-01,Australia,231
2023-09-02,Russia,239
2023-09-03,USA,121
2023-09-04,China,15
2023-09-05,India,147
2023-09-06,UK,25
2023-09-07,UK,19
2023-09-08,USA,76
2023-09-09,Canada,155
2023-09-10,USA,53
2023-09-11,USA,115
2023-09-12,Australia,77
2023-09-13,UK,229
2023-09-14,India,10
2023-09-15,India,249
2023-09-16,Brazil,220
2023-09-17,UK,114
2023-09-18,Canada,212
2023-09-19,Brazil,193
2023-09-20,Australia,139
2023-09-21,Russia,10
2023-09-22,India,226
2023-09-23,India,205
2023-09-24,USA,146
2023-09-25,UK,61
2023-09-26,UK,158
2023-09-27,China,211
2023-09-28,Germany,241
2023-09-29,India,163
2023-09-30,Brazil,226
2023-10-01,Germany,195
2023-10-02,Australia,14
2023-10-03,Australia,250
2023-10-04,Germany,166
2023-10-05,UK,169
2023-10-06,Germany,222
2023-10-07,Brazil,82
2023-10-08,Canada,86
2023-10-09,UK,151
2023-10-10,USA,160
2023-10-11,Russia,150
2023-10-12,Germany,79
2023-10-13,USA,126
2023-10-14,Canada,56
2023-10-15,Brazil,206
2023-10-16,USA,134
2023-10-17,France,118
2023-10-18,Russia,175
2023-10-19,Brazil,28
2023-10-20,Canada,162
2023-10-21,USA,223
2023-10-22,Australia,137
2023-10-23,China,215
2023-10-24,Russia,102
2023-10-25,Australia,212
2023-10-26,USA,26
2023-10-27,UK,192
2023-10-28,Brazil,200
2023-10-29,USA,71
2023-10-30,Russia,176
2023-10-31,Brazil,230
2023-11-01,USA,214
2023-11-02,France,191
2023-11-03,Germany,92
2023-11-04,China,65
2023-11-05,UK,169
2023-11-06,France,67
2023-11-07,Russia,145
2023-11-08,Brazil,89
2023-11-09,USA,204
2023-11-10,UK,15
2023-11-11,France,213
2023-11-12,India,38
2023-11-13,UK,48
2023-11-14,India,51
2023-11-15,Australia,247
2023-11-16,Germany,26
2023-11-17,Canada,30
2023-11-18,USA,27
2023-11-19,Russia,244
2023-11-20,Russia,124
2023-11-21,India,53
2023-11-22,China,222
2023-11-23,Russia,32
2023-11-24,China,98
2023-11-25,China,212
2023-11-26,Brazil,193
2023-11-27,Germany,171
2023-11-28,Canada,232
2023-11-29,India,207
2023-11-30,Germany,182
2023-12-01,Brazil,224
2023-12-02,UK,213
2023-12-03,Brazil,240
2023-12-04,Australia,138
2023-12-05,USA,192
2023-12-06,Canada,71
2023-12-07,USA,222
2023-12-08,India,249
2023-12-09,Germany,78
2023-12-10,India,111
2023-12-11,India,119
2023-12-12,China,128
2023-12-13,USA,223
2023-12-14,Canada,205
2023-12-15,Germany,12
2023-12-16,Brazil,198
2023-12-17,France,110
2023-12-18,India,198
2023-12-19,Australia,117
2023-12-20,Canada,131
2023-12-21,Russia,128
2023-12-22,India,151
2023-12-23,France,35
2023-12-24,Canada,179
2023-12-25,Australia,62
2023-12-26,Brazil,171
2023-12-27,USA,113
2023-12-28,USA,70
2023-12-29,China,144
2023-12-30,Canada,115
2023-12-31,UK,171
2024-01-01,Russia,228
2024-01-02,China,85
2024-01-03,India,157
2024-01-04,India,166
2024-01-05,Australia,184
2024-01-06,UK,162
2024-01-07,Brazil,93
2024-01-08,Australia,70
2024-01-09,UK,75
2024-01-10,USA,76
2024-01-11,Germany,42
2024-01-12,UK,18
2024-01-13,China,206
2024-01-14,Canada,34
2024-01-15,France,153
2024-01-16,Canada,138
2024-01-17,Germany,205
2024-01-18,Germany,139
2024-01-19,Brazil,230
2024-01-20,China,182
2024-01-21,Canada,198
2024-01-22,Germany,12
2024-01-23,USA,63
2024-01-24,Russia,111
2024-01-25,Germany,89
2024-01-26,Russia,37
2024-01-27,Canada,222
2024-01-28,India,94
2024-01-29,UK,223
2024-01-30,China,240
